Posizione;Giocatore;Gol Totali;Gol ogni 90 min
1;Lautaro Martínez;17;0.7
2;Gianluca Scamacca;10;0.68
3;Dusan Vlahovic;7;0.65
4;Marcus Thuram;13;0.61
5;Anastasios Douvikas;14;0.55
6;Nikola Krstovic;10;0.5
7;Hakan Çalhanoglu;9;0.49
8;Christopher Nkunku;7;0.47
9;Pedro;5;0.46
10;Christian Pulisic;8;0.45
11;Giovanni Simeone;11;0.44
12;Rafael Leão;9;0.44
13;Keinan Davis;10;0.43
13;Riccardo Orsolini;10;0.43
15;Francesco Pio Esposito;7;0.4
16;Ange-Yoan Bonny;5;0.4
17;Junior Messias;3;0.4
18;Rasmus Højlund;12;0.39
19;Nico Paz;12;0.37
20;Domenico Berardi;8;0.37
21;Caleb Ekuban;4;0.37
21;Semih Kiliçsoy;4;0.37
23;Federico Bonazzoli;10;0.36
24;Moise Kean;8;0.35
25;Gennaro Borrelli;5;0.35
26;Martin Baturina;6;0.34
27;Konan N’Dri;2;0.34
28;Jens Odgaard;5;0.33
29;Kenan Yildiz;10;0.32
29;Scott McTominay;10;0.32
31;Tijjani Noslin;4;0.32
32;Andrea Pinamonti;9;0.31
33;Gift Orban;7;0.31
34;Jamie Vardy;7;0.3
35;Jonathan David;6;0.3
36;Federico Bernardeschi;4;0.3
36;Walid Cheddira;4;0.3
38;Adam Buksa;3;0.3
39;Jeff Ekhator;3;0.29
40;Ché Adams;6;0.28
41;Gustav Isaksen;5;0.28
42;Mateo Pellegrino;9;0.27
43;Lorenzo Colombo;7;0.27
43;Santiago Castro;7;0.27
43;Stefano Moreo;7;0.27
46;Cesare Casadei;6;0.27
47;Rolando Mandragora;7;0.26
48;Piotr Zielinski;6;0.26
49;Lameck Banda;5;0.26
50;Matias Soulé;6;0.25
51;Duván Zapata;3;0.25
52;Nikola Vlasic;8;0.24
53;Armand Laurienté;7;0.24
54;Ruslan Malinovsky;6;0.24
55;Lorenzo Pellegrini;4;0.24
55;M'Bala Nzola;4;0.24
57;Ruben Loftus-Cheek;3;0.24
58;Federico Dimarco;7;0.23
58;Sebastiano Esposito;7;0.23
60;Henrikh Mkhitaryan;4;0.23
61;Riyad Idrissi;2;0.23
62;Roberto Piccoli;4;0.22
63;Thijs Dallinga;2;0.22
63;Zachary Athekame;2;0.22
65;Idrissa Gueye;1;0.22
66;Adrien Rabiot;6;0.21
67;Matteo Cancellieri;4;0.21
67;Nikola Stulic;4;0.21
69;Ismaël Koné;6;0.2
69;Lucas Da Cunha;6;0.2
71;Albert Gudmundsson;5;0.2
71;Jurgen Ekkelenkamp;5;0.2
71;Nicolò Zaniolo;5;0.2
71;Vítinha;5;0.2
75;Denzel Dumfries;3;0.2
75;Morten Thorsby;3;0.2
77;Tommaso Pobega;3;0.19
78;Daniel Maldini;2;0.19
79;Andy Diouf;1;0.19
80;Arthur Atta;5;0.18
80;Wesley;5;0.18
82;Nicolò Cambiaghi;3;0.18
83;Alieu Fadera;2;0.18
83;Kamaldeen Sulemana;2;0.18
83;Lazar Samardzic;2;0.18
83;Omri Gandelman;2;0.18
87;Juan Cuadrado;1;0.18
88;Leo Østigard;5;0.17
89;Gleison Bremer;4;0.17
90;Jonathan Rowe;3;0.17
91;Cristian Volpato;2;0.17
91;Federico Gatti;2;0.17
91;Marco Brescianini;2;0.17
94;Strahinja Pavlovic;5;0.16
94;Weston McKennie;5;0.16
96;Suat Serdar;2;0.16
97;Kristian Thorstvedt;4;0.15
97;Marc-Oliver Kempf;4;0.15
99;Giorgio Scalvini;3;0.15
100;Alberto Moreno;2;0.15
100;Giovanni Fabbian;2;0.15
102;Fabio Miretti;1;0.15
103;Cher Ndour;3;0.14
103;Danilo Cataldi;3;0.14
103;Giovane Nascimento;3;0.14
103;Leonardo Spinazzola;3;0.14
103;Mario Pasalic;3;0.14
103;Robin Gosens;3;0.14
103;Yann Aurel Bisseck;3;0.14
110;Niccolò Pisilli;2;0.14
111;Loïs Openda;1;0.14
111;Niclas Füllkrug;1;0.14
111;Nicolas-Gerrit Kühn;1;0.14
111;Stephan El Shaarawy;1;0.14
111;Yunus Musah;1;0.14
116;Francisco Conceição;3;0.13
116;Mario Hermoso;3;0.13
116;Mattia Zaccagni;3;0.13
119;Paulo Dybala;2;0.13
120;Francesco Camarda;1;0.13
121;Gianluca Mancini;4;0.12
122;Charles De Ketelaere;3;0.12
122;Christian Kabasele;3;0.12
124;Henrik Meister;2;0.12
124;Maxence Caqueret;2;0.12
126;Adrián Bernabé;3;0.11
126;Khéphren Thuram-Ulien;3;0.11
126;Nicolò Barella;3;0.11
126;Thomas Kristensen;3;0.11
130;Mattéo Tramoni;2;0.11
130;Mërgim Vojvoda;2;0.11
130;Sam Beukema;2;0.11
133;Gaetano Oristanio;1;0.11
134;Alexis Saelemaekers;3;0.1
134;Andrea Cambiaso;3;0.1
134;Davide Zappacosta;3;0.1
134;Evan N'Dicka;3;0.1
134;Lassana Coulibaly;3;0.1
134;Máximo Perrone;3;0.1
140;Amir Rrahmani;2;0.1
140;Jesús Rodríguez;2;0.1
140;Kingsley Ehizibue;2;0.1
140;Nikola Moro;2;0.1
140;Petar Sucic;2;0.1
140;Toma Basic;2;0.1
146;Abdou Harroui;1;0.1
146;Antonio Sanabria;1;0.1
146;Ibrahim Sulemana;1;0.1
149;Oumar Solet;3;0.09
150;Gianluca Gaetano;2;0.09
150;Mehdi Léris;2;0.09
150;Michael Folorunsho;2;0.09
150;Nicola Zalewski;2;0.09
150;Rafik Belghali;2;0.09
155;Cyril Ngonge;1;0.09
155;Emirhan Ilkhan;1;0.09
155;João Mário;1;0.09
155;Neil El Aynaoui;1;0.09
155;Odilon Kossounou;1;0.09
155;Pervis Estupinán;1;0.09
161;Brooke Norton-Cuffy;2;0.08
161;Éderson;2;0.08
161;Giovanni Di Lorenzo;2;0.08
161;Guillermo Maripán;2;0.08
161;Matteo Politano;2;0.08
161;Yerry Mina;2;0.08
161;Youssouf Fofana;2;0.08
168;Christian Ordóñez;1;0.08
168;Devyne Rensch;1;0.08
168;Fisayo Dele-Bashiru;1;0.08
168;Riccardo Sottil;1;0.08
172;Davide Bartesaghi;2;0.07
172;Federico Baschirotto;2;0.07
172;Jacobo Ramón;2;0.07
172;Kouadio Koné;2;0.07
172;Martin Frese;2;0.07
172;Nicolò Fagioli;2;0.07
178;Alessandro Zanoli;1;0.07
178;Boulaye Dia;1;0.07
178;Samuele Ricci;1;0.07
181;Antonio Caracciolo;2;0.06
181;Bryan Cristante;2;0.06
181;Enrico Del Prato;2;0.06
181;Filippo Terracciano;2;0.06
181;Luka Modric;2;0.06
181;Manuel Akanji;2;0.06
181;Tarik Muharemovic;2;0.06
181;Tiago Gabriel;2;0.06
189;Fabiano Parisi;1;0.06
189;Jean-Daniel Akpa Akpro;1;0.06
189;Lewis Ferguson;1;0.06
189;Luca Pellegrini;1;0.06
189;Luis Henrique;1;0.06
189;Mariano Troilo;1;0.06
189;Martín Payero;1;0.06
189;Miguel Gutiérrez;1;0.06
189;Youssef Maleh;1;0.06
198;Pierre Kalulu;2;0.05
199;Carlos Augusto;1;0.05
199;Diego Carlos;1;0.05
199;Eljif Elmas;1;0.05
199;Isak Hien;1;0.05
199;Jakub Piotrowski;1;0.05
199;Jamil Siebert;1;0.05
199;Jari Vandeputte;1;0.05
199;Koni De Winter;1;0.05
199;Matteo Prati;1;0.05
199;Oliver Sørensen;1;0.05
199;Pietro Comuzzo;1;0.05
210;Aarón Martín;1;0.04
210;Alessandro Bastoni;1;0.04
210;Álex Valle;1;0.04
210;Antoine Bernede;1;0.04
210;Idrissa Touré;1;0.04
210;Jhon Lucumí;1;0.04
210;Luca Ranieri;1;0.04
210;Marcus Holmgren Pedersen;1;0.04
210;Remo Freuler;1;0.04
210;Roberto Gagliardini;1;0.04
210;Stanislav Lobotka;1;0.04
221;Adam Marusic;1;0.03
221;Alessandro Circati;1;0.03
221;Dodô;1;0.03
221;Jesper Karlström;1;0.03
221;Johan Vásquez;1;0.03
221;Juan Miranda;1;0.03
221;Lloyd Kelly;1;0.03
221;Mandela Keita;1;0.03
221;Manuel Locatelli;1;0.03
221;Marco Palestra;1;0.03
221;Marten de Roon;1;0.03
221;Michel Aebischer;1;0.03
221;Michel Ndary Adopo;1;0.03
221;Mikael Egill Ellertsson;1;0.03
221;Morten Frendrup;1;0.03
221;Nemanja Matic;1;0.03
221;Santiago Pierotti;1;0.03
221;Saúl Coco;1;0.03
221;Sebastiano Luperto;1;0.03
221;Simone Canestrelli;1;0.03
221;Ylber Ramadani;1;0.03
221;Zeki Çelik;1;0.03
